{
	"tarif" : [
		{
			"name" : "Готовая история",
			"cost" : "30.000 рублей",
			"row1" : "К любому празднику",
			"row2" : "К торжествам и важным событями",
			"bemClass" : "readyHistory"
		},
		{
			"name" : "История на заказ",
			"cost" : "35.000 рублей",
			"row1" : "Нарисуйте свою историю светом",
			"row2" : "Срежиссируйте сюжет",
			"bemClass" : "historyOrder"
		},
		{
			"name" : "франшиза",
			"cost" : "70.000 рублей",
			"row1" : "Комплекет оборудования",
			"row2" : "Обучение",
			"bemClass" : "franchise"
		}
	]
}
