{
	"param" : {
		"headerColor" : "purple",
		"headerName" : "Отзывы",
		"headerText" : ""
	},

	"reviews" : [
		{
			"name" : "Лыкин Илья",
			"status" : "Покупатель",
			"avatar" : "likin_ilya.jpg",
			"review" : "Я очень долго думал, что-бы такое подарить на свадьбу своей невесте:). И наткнулся на световые картины в сети, было написано, что ребята могут нарисовать картину по моему пожеланию, попросил их изобразить момент нашей с Ариной первой встречи! Она очень обрадовалась! Я доволен."
		},
		{
			"name" : "Ноунэймский Петр",
			"status" : "Покупатель франшизы",
			"avatar" : "noname.jpg",
			"review" : "Я очень долго думал, что-бы такое подарить на свадьбу своей невесте:). И наткнулся на световые картины в сети, было написано, что ребята могут нарисовать картину по моему пожеланию, попросил их изобразить момент нашей с Ариной первой встречи! Она очень обрадовалась! Я доволен."
		},
		{
			"name" : "Хазарова Вероника",
			"status" : "Покупатель",
			"avatar" : "noname.jpg",
			"review" : "Я очень долго думал, что-бы такое подарить на свадьбу своей невесте:). И наткнулся на световые картины в сети, было написано, что ребята могут нарисовать картину по моему пожеланию, попросил их изобразить момент нашей с Ариной первой встречи! Она очень обрадовалась! Я доволен."
		},
		{
			"name" : "Агентство ZZ",
			"status" : "Покупатель",
			"avatar" : "noname.jpg",
			"review" : "Я очень долго думал, что-бы такое подарить на свадьбу своей невесте:). И наткнулся на световые картины в сети, было написано, что ребята могут нарисовать картину по моему пожеланию, попросил их изобразить момент нашей с Ариной первой встречи! Она очень обрадовалась! Я доволен."
		},
		{
			"name" : "Агентство YY",
			"status" : "Покупатель франшизы",
			"avatar" : "noname.jpg",
			"review" : "Я очень долго думал, что-бы такое подарить на свадьбу своей невесте:). И наткнулся на световые картины в сети, было написано, что ребята могут нарисовать картину по моему пожеланию, попросил их изобразить момент нашей с Ариной первой встречи! Она очень обрадовалась! Я доволен."
		}
	]
}
